{
    "uvs": [[0.04342687129974365, 0.17796331644058228, 0.0355684757232666, 0.03850364685058594, 0.10762834548950195, 0.057521045207977295, 0.16247713565826416, 0.19207227230072021, 0.1112094521522522, 0.1433638334274292, 0.18740800023078918, 0.1619308590888977, 0.11661246418952942, 0.23214459419250488, 0.19623228907585144, 0.24410295486450195]], 
    "faces": [41, 0, 2, 3, 1, 0, 1, 2, 3, 0, 1, 2, 3, 41, 2, 4, 5, 3, 1, 4, 5, 2, 1, 4, 5, 2, 41, 4, 6, 7, 5, 4, 6, 7, 5, 4, 6, 7, 5, 41, 6, 0, 1, 7, 6, 0, 3, 7, 6, 0, 3, 7, 41, 1, 3, 5, 7, 3, 2, 5, 7, 3, 2, 5, 7, 41, 6, 4, 2, 0, 6, 4, 1, 0, 6, 4, 1, 0], 
    "vertices": [-4.9871521, -5.07930756, 1.83515453, 1.32339478, -4.44200897, -11.01344681, -6.40674782, 9.53566742, 5.16189575, -3.13632202, 8.81284332, -2.80269718, 21.19868851, -0.20571136, -4.71752453, 21.79987907, -0.8068161, -13.11194611, 18.86083031, -9.50252533, -6.87770414, 19.78580856, -9.3431778, -15.51587868], 
    "materials": [], 
    "normals": [0.25838599, -0.9536584, -0.15418258, -0.06780116, 0.29867411, 0.95194364, 0.35978252, 0.49313286, -0.79207098, 0.08882526, -0.22714007, -0.96980274, 0.55747777, 0.32372597, 0.76447362, 0.26459932, 0.66055429, -0.70260596, 0.22827221, -0.76336932, 0.60428387, -0.06938589, -0.32142332, -0.94439012], 
    "metadata": {
        "formatVersion": 3.1, 
        "generatedBy": "Maya Exporter"
    }
}