{
    "uvs": [[0.11661246418952942, 0.23214459419250488, 0.10397791862487793, 0.15800613164901733, 0.17530325055122375, 0.15403324365615845, 0.19623228907585144, 0.24410295486450195, 0.24789145588874817, 0.15852946043014526, 0.2633986175060272, 0.16050559282302856, 0.2526106536388397, 0.19472569227218628, 0.2763420045375824, 0.19984233379364014]], 
    "faces": [41, 0, 2, 3, 1, 0, 1, 2, 3, 0, 1, 2, 3, 41, 2, 4, 5, 3, 1, 4, 5, 2, 1, 4, 5, 2, 41, 4, 6, 7, 5, 4, 6, 7, 5, 4, 6, 7, 5, 41, 6, 0, 1, 7, 6, 0, 3, 7, 6, 0, 3, 7, 41, 1, 3, 5, 7, 3, 2, 5, 7, 3, 2, 5, 7, 41, 6, 4, 2, 0, 6, 4, 1, 0, 6, 4, 1, 0], 
    "vertices": [-4.43943024, -5.45653152, 2.74697113, -3.51445389, -5.29718399, -5.89119434, -2.70119476, 2.1616478, 5.41030312, -5.54311752, 3.85819626, -2.06520939, 21.48581886, 4.68125534, -9.82588196, 19.68150902, 4.74964523, -11.50198174, 22.75146484, 0.93593979, -10.97283173, 20.96681786, 0.81917953, -13.57528687], 
    "materials": [], 
    "normals": [0.97377348, -0.22630298, -0.02349654, 0.45723361, 0.46106005, 0.76050049, 0.2610459, 0.79765987, -0.5436852, 0.09380834, -0.54053086, -0.83607787, 0.87281191, 0.45807007, -0.16843726, 0.5859881, 0.61766481, -0.52450728, 0.87125611, -0.38127607, -0.30909768, 0.76115048, -0.11285603, -0.63868105], 
    "metadata": {
        "formatVersion": 3.1, 
        "generatedBy": "Maya Exporter"
    }
}