{
    "uvs": [[0.17602550983428955, 0.47135016322135925, 0.17602550983428955, 0.47135016322135925, 0.23103690147399902, 0.47135016322135925, 0.23103666305541992, 0.47135016322135925, 0.2860480546951294, 0.47135016322135925, 0.2860480546951294, 0.47135016322135925, 0.23103690147399902, 0.47135016322135925, 0.17602550983428955, 0.49423518776893616, 0.17602550983428955, 0.49423518776893616, 0.23103666305541992, 0.49423518776893616, 0.2860480546951294, 0.49423518776893616, 0.2860480546951294, 0.49423518776893616, 0.23103690147399902, 0.49423518776893616, 0.12167397141456604, 0.525596022605896, 0.12167397141456604, 0.525596022605896, 0.23103666305541992, 0.525596022605896, 0.34039968252182007, 0.525596022605896, 0.34039968252182007, 0.525596022605896, 0.23103690147399902, 0.525596022605896, 0.11292624473571777, 0.5916734337806702, 0.11292636394500732, 0.5916734337806702, 0.23103666305541992, 0.5916734337806702, 0.34914731979370117, 0.5916734337806702, 0.34914731979370117, 0.5916734337806702, 0.23103690147399902, 0.5916734337806702, 0.12167397141456604, 0.6596598029136658, 0.12167397141456604, 0.6596598029136658, 0.14671553671360016, 0.6596598029136658, 0.14671553671360016, 0.6596598029136658, 0.23103666305541992, 0.6596598029136658, 0.23103666305541992, 0.6596598029136658, 0.34039968252182007, 0.6596598029136658, 0.31535792350769043, 0.6596598029136658, 0.34039968252182007, 0.6596598029136658, 0.31535792350769043, 0.6596598029136658, 0.23103690147399902, 0.6596598029136658, 0.23103690147399902, 0.6596598029136658, 0.14671553671360016, 0.5262932777404785, 0.14671553671360016, 0.5262932777404785, 0.23103690147399902, 0.5262932777404785, 0.23103666305541992, 0.5262932777404785, 0.31535792350769043, 0.5262932777404785, 0.31535792350769043, 0.5262932777404785, 0.23103690147399902, 0.5262932777404785]], 
    "faces": [40, 1, 0, 30, 0, 1, 2, 0, 1, 2, 40, 2, 1, 30, 3, 0, 2, 3, 0, 2, 40, 3, 2, 30, 4, 3, 2, 4, 3, 2, 40, 4, 3, 30, 5, 4, 2, 5, 4, 2, 40, 5, 4, 30, 6, 5, 2, 6, 5, 2, 40, 0, 5, 30, 1, 6, 2, 1, 6, 2, 41, 0, 1, 7, 6, 1, 0, 7, 8, 7, 8, 9, 10, 41, 1, 2, 8, 7, 0, 3, 9, 7, 8, 11, 12, 9, 41, 2, 3, 9, 8, 3, 4, 10, 9, 11, 13, 14, 12, 41, 3, 4, 10, 9, 4, 5, 11, 10, 13, 15, 16, 14, 41, 4, 5, 11, 10, 5, 6, 12, 11, 15, 17, 18, 16, 41, 5, 0, 6, 11, 6, 1, 8, 12, 17, 7, 10, 18, 41, 6, 7, 13, 12, 8, 7, 13, 14, 19, 20, 21, 22, 41, 7, 8, 14, 13, 7, 9, 15, 13, 20, 23, 24, 21, 41, 8, 9, 15, 14, 9, 10, 16, 15, 23, 25, 26, 24, 41, 9, 10, 16, 15, 10, 11, 17, 16, 25, 27, 28, 26, 41, 10, 11, 17, 16, 11, 12, 18, 17, 27, 29, 30, 28, 41, 11, 6, 12, 17, 12, 8, 14, 18, 29, 19, 22, 30, 41, 12, 13, 31, 32, 14, 13, 19, 20, 22, 21, 31, 32, 41, 13, 14, 36, 31, 13, 15, 21, 19, 21, 24, 33, 31, 41, 14, 15, 35, 36, 15, 16, 22, 21, 24, 26, 34, 33, 41, 15, 16, 34, 35, 16, 17, 23, 22, 26, 28, 35, 34, 41, 16, 17, 33, 34, 17, 18, 24, 23, 28, 30, 36, 35, 41, 17, 12, 32, 33, 18, 14, 20, 24, 30, 22, 32, 36, 41, 18, 19, 25, 24, 25, 26, 27, 28, 37, 38, 39, 40, 41, 19, 20, 26, 25, 26, 29, 30, 27, 38, 41, 42, 39, 41, 20, 21, 27, 26, 29, 31, 32, 30, 41, 43, 44, 42, 41, 21, 22, 28, 27, 31, 33, 34, 32, 43, 45, 46, 44, 41, 22, 23, 29, 28, 33, 35, 36, 34, 45, 47, 48, 46, 41, 23, 18, 24, 29, 35, 25, 28, 36, 47, 37, 40, 48, 40, 37, 38, 39, 37, 38, 39, 49, 50, 51, 40, 38, 40, 39, 38, 40, 39, 50, 52, 51, 40, 40, 41, 39, 40, 41, 39, 52, 53, 51, 40, 41, 42, 39, 41, 42, 39, 53, 54, 51, 40, 42, 43, 39, 42, 43, 39, 54, 55, 51, 40, 43, 37, 39, 43, 37, 39, 55, 49, 51, 41, 32, 31, 19, 18, 20, 19, 26, 25, 32, 31, 56, 57, 41, 33, 32, 18, 23, 24, 20, 25, 35, 36, 32, 57, 58, 41, 34, 33, 23, 22, 23, 24, 35, 33, 35, 36, 58, 59, 41, 35, 34, 22, 21, 22, 23, 33, 31, 34, 35, 59, 60, 41, 36, 35, 21, 20, 21, 22, 31, 29, 33, 34, 60, 61, 41, 31, 36, 20, 19, 19, 21, 29, 26, 31, 33, 61, 56, 41, 24, 25, 38, 37, 28, 27, 38, 37, 62, 63, 50, 49, 41, 25, 26, 40, 38, 27, 30, 40, 38, 63, 64, 52, 50, 41, 26, 27, 41, 40, 30, 32, 41, 40, 64, 65, 53, 52, 41, 27, 28, 42, 41, 32, 34, 42, 41, 65, 66, 54, 53, 41, 28, 29, 43, 42, 34, 36, 43, 42, 66, 67, 55, 54, 41, 29, 24, 37, 43, 36, 28, 37, 43, 67, 62, 49, 55], 
    "vertices": [0.09872007, -26.91928966, -22.40962219, -4.93144178, -26.91928966, -22.40962219, -7.44652319, -26.91928966, -18.05337524, -4.93144321, -26.91928966, -13.69712543, 0.09871864, -26.91928966, -13.69712448, 2.61379957, -26.91928966, -18.05337334, 0.09872007, -25.10704906, -22.40962219, -4.93144178, -25.10704906, -22.40962219, -7.44652319, -25.10704906, -18.05337524, -4.93144321, -25.10704906, -13.69712543, 0.09871864, -25.10704906, -13.69712448, 2.61379957, -25.10704906, -18.05337334, 2.58364058, -22.62363536, -26.71362686, -7.41636038, -22.62363536, -26.71362877, -12.41636181, -22.62363536, -18.05337524, -7.41636276, -22.62363536, -9.39311981, 2.58363771, -22.62363536, -9.39311886, 7.58363819, -22.62363536, -18.05337334, 2.58364058, -12.00736339, -26.71362686, -7.41636038, -12.00736339, -26.71362877, -12.41636181, -12.00736339, -18.05337524, -7.41636276, -12.00736339, -9.39311981, 2.58363771, -12.00736339, -9.39311886, 7.58363819, -12.00736339, -18.05337334, 1.43875265, -12.00736339, -24.73062325, -6.27147293, -12.00736339, -24.73062515, -10.12658787, -12.00736339, -18.05337524, -6.27147532, -12.00736339, -11.37612343, 1.43874979, -12.00736339, -11.37612247, 5.29386425, -12.00736339, -18.05337334, -2.41636181, -26.91928966, -18.05337334, -7.81629896, -17.39109142, -27.40634346, 2.98358011, -17.39109142, -27.40634155, 8.38351536, -17.39109142, -18.05337334, 2.98357677, -17.39109142, -8.70040417, -7.81630182, -17.39109142, -8.70040512, -13.21623898, -17.39109142, -18.05337524, 1.43875265, -22.56841381, -24.73062325, -6.27147293, -22.56841381, -24.73062515, -2.41636181, -22.56841381, -18.05337334, -10.12658787, -22.56841381, -18.05337524, -6.27147532, -22.56841381, -11.37612343, 1.43874979, -22.56841381, -11.37612247, 5.29386425, -22.56841381, -18.05337334], 
    "materials": [], 
    "normals": [0.0, -0.99999994, 5.2e-07, 0.0, -1.0, 3.5e-07, 0.0, -0.99999994, -0.0, 0.0, -1.0, 1.7e-07, 0.0, -0.99999994, -3.5e-07, 0.0, -0.99999994, -5.2e-07, 0.0, -0.99999994, -1.7e-07, 0.49999994, 0.0, -0.86602539, -0.49999967, 0.0, -0.86602563, -0.49999967, 0.0, -0.86602563, 0.49999994, 0.0, -0.86602539, -0.99999988, 0.0, -2.9e-07, -0.99999988, 0.0, -2.9e-07, -0.50000018, 0.0, 0.86602533, -0.50000018, 0.0, 0.86602533, 0.49999985, 0.0, 0.86602545, 0.49999985, 0.0, 0.86602545, 0.99999994, 0.0, 2.5e-07, 0.99999994, 0.0, 2.5e-07, 0.22349846, -0.89453554, -0.38711068, -0.22349834, -0.89453554, -0.38711071, -0.44734985, -0.44666776, -0.77483284, 0.44735003, -0.44666785, -0.77483279, -0.44699687, -0.89453554, -8e-08, -0.89469993, -0.44666782, -1.4e-07, -0.22349845, -0.89453548, 0.38711059, -0.44735003, -0.44666776, 0.77483284, 0.2234984, -0.89453548, 0.38711071, 0.44734997, -0.44666776, 0.77483284, 0.44699684, -0.89453554, 6e-08, 0.89469993, -0.44666782, 5e-08, -0.49999976, 0.0001048, -0.86602545, 0.50000006, 0.00010481, -0.86602533, -0.99999994, 0.0001048, -1.2e-07, -0.50000006, 0.0001048, 0.86602533, 0.49999997, 0.00010479, 0.86602545, 0.99999994, 0.0001048, 2.1e-07, 0.0, 1.0, 1.1e-07, 0.0, 1.0, 3.3e-07, 0.0, 1.0, 3.3e-07, 0.0, 1.0, 1.1e-07, 0.0, 1.0, 2.2e-07, 0.0, 1.0, 2.2e-07, 0.0, 1.0, 4.3e-07, 0.0, 1.0, 4.3e-07, 0.0, 1.0, 1.1e-07, 0.0, 1.0, 1.1e-07, 0.0, 1.0, -3.3e-07, 0.0, 1.0, -3.3e-07, -0.48582143, 0.23645325, 0.8414675, 0.48582122, 0.23645325, 0.84146762, 0.0, 1.0, 1e-07, 0.97164285, 0.23645325, 1.2e-07, 0.48582152, 0.23645324, -0.84146732, -0.48582122, 0.23645324, -0.84146744, -0.97164285, 0.23645322, -1.8e-07, -0.49457097, 0.14696011, -0.85662264, 0.49457127, 0.14696008, -0.85662234, 0.98914242, 0.14696005, 3.5e-07, 0.49457109, 0.14696005, 0.8566224, -0.49457139, 0.14696006, 0.8566224, -0.98914242, 0.14696003, -7e-08, -0.49999997, 0.0, 0.86602533, 0.4999997, 0.0, 0.86602551, 0.99999994, 0.0, 9e-08, 0.50000006, 0.0, -0.86602527, -0.49999976, 0.0, -0.86602539, -0.99999994, 0.0, -2.2e-07], 
    "metadata": {
        "formatVersion": 3.1,