{
    "uvs": [[0.956135094165802, 0.2532341480255127, 0.956135094165802, 0.2495020627975464, 0.956135094165802, 0.027807235717773438, 0.956135094165802, 0.031539320945739746, 0.9761350750923157, 0.027807235717773438, 0.9761350750923157, 0.03153938055038452, 0.9761350750923157, 0.24950212240219116, 0.9761350750923157, 0.2532341480255127]], 
    "faces": [41, 0, 1, 3, 2, 0, 1, 2, 3, 0, 1, 2, 3, 41, 2, 3, 5, 4, 3, 2, 4, 5, 4, 5, 6, 7, 41, 4, 5, 7, 6, 5, 4, 6, 7, 8, 9, 10, 11, 41, 6, 7, 1, 0, 7, 6, 1, 0, 12, 13, 14, 15, 41, 1, 7, 5, 3, 1, 6, 4, 2, 16, 17, 18, 19, 41, 6, 0, 2, 4, 7, 0, 3, 5, 20, 21, 22, 23], 
    "vertices": [3.21159554, -0.49999619, -10.28572083, 4.15129089, -0.49999619, -9.94369507, -4.18317413, -0.49999619, 10.03123474, -3.24346542, -0.49999619, 10.37326431, -4.18317413, 0.50000381, 10.03123474, -3.24346542, 0.50000381, 10.37326431, 3.21159554, 0.50000381, -10.28572083, 4.15129089, 0.50000381, -9.94369507], 
    "materials": [], 
    "normals": [0.0, -0.99999994, 0.0, 0.0, -0.99999994, 0.0, 0.0, -0.99999994, 0.0, 0.0, -1.0, 0.0, -0.34202328, 0.0, 0.93969148, -0.34202328, 0.0, 0.93969148, -0.34202328, 0.0, 0.93969148, -0.34202328, 0.0, 0.93969148, 0.0, 1.0, 1e-08, 0.0, 0.99999994, 1e-08, 0.0, 0.99999994, 1e-08, 0.0, 0.99999994, 1e-08, 0.34202418, 0.0, -0.93969113, 0.34202418, 0.0, -0.93969113, 0.34202418, 0.0, -0.93969113, 0.34202418, 0.0, -0.93969113, 0.93969274, 0.0, 0.34201965, 0.93969274, 0.0, 0.34201965, 0.93969274, 0.0, 0.34201965, 0.93969274, 0.0, 0.34201965, -0.9396925, 0.0, -0.34202021, -0.9396925, 0.0, -0.34202021, -0.9396925, 0.0, -0.34202021, -0.9396925, 0.0, -0.34202021], 
    "metadata": {
        "formatVersion": 3.1, 
        "generatedBy": "Maya Exporter"
    }
}