{
    "uvs": [[0.956135094165802, 0.2620725631713867, 0.956135094165802, 0.25834059715270996, 0.956135094165802, 0.03664577007293701, 0.956135094165802, 0.040377676486968994, 0.9761350750923157, 0.03664577007293701, 0.9761350750923157, 0.04037773609161377, 0.9761350750923157, 0.25834065675735474, 0.9761350750923157, 0.2620725631713867]], 
    "faces": [41, 0, 1, 3, 2, 0, 1, 2, 3, 0, 1, 2, 3, 41, 2, 3, 5, 4, 3, 2, 4, 5, 3, 2, 4, 5, 41, 4, 5, 7, 6, 5, 4, 6, 7, 5, 4, 6, 7, 41, 6, 7, 1, 0, 7, 6, 1, 0, 7, 6, 1, 0, 41, 1, 7, 5, 3, 1, 6, 4, 2, 1, 6, 4, 2, 41, 6, 0, 2, 4, 7, 0, 3, 5, 7, 0, 3, 5], 
    "vertices": [3.211586, -0.49999619, -10.28572464, 4.15128517, -0.49999619, -9.94369507, -4.18317413, -0.49999619, 10.03126144, -3.24347305, -0.49999619, 10.3732605, -4.18317413, 0.50000381, 10.03126144, -3.24347305, 0.50000381, 10.3732605, 3.211586, 0.50000381, -10.28572464, 4.15128517, 0.50000381, -9.94369507], 
    "materials": [], 
    "normals": [-0.65292835, -0.70672899, -0.27243137, 0.67528462, -0.70673239, 0.21099786, 0.65292227, -0.70673567, 0.27242881, -0.67529082, -0.70672601, -0.21099982, 0.65292227, 0.70673567, 0.27242881, -0.67529082, 0.7067259, -0.21099982, 0.67528462, 0.70673227, 0.21099788, -0.65292835, 0.70672888, -0.27243134], 
    "metadata": {
        "formatVersion": 3.1, 
        "generatedBy": "Maya Exporter"
    }
}