{
    "uvs": [[0.05414777994155884, 0.644040048122406, 0.03583043813705444, 0.6983175873756409, 0.04042044281959534, 0.6993489861488342, 0.046341270208358765, 0.696003258228302, 0.0641537606716156, 0.6940738558769226, 0.0758129358291626, 0.6940401196479797, 0.07243210077285767, 0.6959823966026306, 0.056657254695892334, 0.6983510851860046, 0.02741837501525879, 0.7823112607002258, 0.03643825650215149, 0.7811529040336609, 0.051382601261138916, 0.7737767100334167, 0.09061208367347717, 0.7614982724189758, 0.115536630153656, 0.7551990151405334, 0.10700345039367676, 0.7600002884864807, 0.07173025608062744, 0.7715243697166443, 0.03677067160606384, 0.8813530802726746, 0.04998663067817688, 0.8731659054756165, 0.07528090476989746, 0.8601759076118469, 0.1372278928756714, 0.8246374726295471, 0.1761445701122284, 0.8022372126579285, 0.16157197952270508, 0.8106368184089661, 0.10518395900726318, 0.8421297669410706, 0.07109850645065308, 0.9522907137870789, 0.08323591947555542, 0.9400692582130432, 0.11103519797325134, 0.9294864535331726, 0.17295747995376587, 0.8887998461723328, 0.21026313304901123, 0.8609148263931274, 0.19484445452690125, 0.8668001890182495, 0.13830822706222534, 0.9020315408706665, 0.12346518039703369, 0.9754905104637146, 0.1295909881591797, 0.9654476046562195, 0.1482865810394287, 0.9620088338851929, 0.18537667393684387, 0.9351769089698792, 0.2067968249320984, 0.9151872396469116, 0.19640862941741943, 0.9170755743980408, 0.1620524823665619, 0.9394456744194031, 0.17475128173828125, 0.9582798480987549]], 
    "faces": [40, 0, 2, 1, 0, 1, 2, 0, 1, 2, 40, 0, 3, 2, 0, 3, 1, 0, 3, 1, 40, 0, 4, 3, 0, 4, 3, 0, 4, 3, 40, 0, 5, 4, 0, 5, 4, 0, 5, 4, 40, 0, 6, 5, 0, 6, 5, 0, 6, 5, 40, 0, 7, 6, 0, 7, 6, 0, 7, 6, 40, 0, 1, 7, 0, 2, 7, 0, 2, 7, 41, 1, 2, 9, 8, 2, 1, 8, 9, 2, 1, 8, 9, 41, 2, 3, 10, 9, 1, 3, 10, 8, 1, 3, 10, 8, 41, 3, 4, 11, 10, 3, 4, 11, 10, 3, 4, 11, 10, 41, 4, 5, 12, 11, 4, 5, 12, 11, 4, 5, 12, 11, 41, 5, 6, 13, 12, 5, 6, 13, 12, 5, 6, 13, 12, 41, 6, 7, 14, 13, 6, 7, 14, 13, 6, 7, 14, 13, 41, 7, 1, 8, 14, 7, 2, 9, 14, 7, 2, 9, 14, 41, 8, 9, 16, 15, 9, 8, 15, 16, 9, 8, 15, 16, 41, 9, 10, 17, 16, 8, 10, 17, 15, 8, 10, 17, 15, 41, 10, 11, 18, 17, 10, 11, 18, 17, 10, 11, 18, 17, 41, 11, 12, 19, 18, 11, 12, 19, 18, 11, 12, 19, 18, 41, 12, 13, 20, 19, 12, 13, 20, 19, 12, 13, 20, 19, 41, 13, 14, 21, 20, 13, 14, 21, 20, 13, 14, 21, 20, 41, 14, 8, 15, 21, 14, 9, 16, 21, 14, 9, 16, 21, 41, 15, 16, 23, 22, 16, 15, 22, 23, 16, 15, 22, 23, 41, 16, 17, 24, 23, 15, 17, 24, 22, 15, 17, 24, 22, 41, 17, 18, 25, 24, 17, 18, 25, 24, 17, 18, 25, 24, 41, 18, 19, 26, 25, 18, 19, 26, 25, 18, 19, 26, 25, 41, 19, 20, 27, 26, 19, 20, 27, 26, 19, 20, 27, 26, 41, 20, 21, 28, 27, 20, 21, 28, 27, 20, 21, 28, 27, 41, 21, 15, 22, 28, 21, 16, 23, 28, 21, 16, 23, 28, 41, 22, 23, 30, 29, 23, 22, 29, 30, 23, 22, 29, 30, 41, 23, 24, 31, 30, 22, 24, 31, 29, 22, 24, 31, 29, 41, 24, 25, 32, 31, 24, 25, 32, 31, 24, 25, 32, 31, 41, 25, 26, 33, 32, 25, 26, 33, 32, 25, 26, 33, 32, 41, 26, 27, 34, 33, 26, 27, 34, 33, 26, 27, 34, 33, 41, 27, 28, 35, 34, 27, 28, 35, 34, 27, 28, 35, 34, 41, 28, 22, 29, 35, 28, 23, 30, 35, 28, 23, 30, 35, 40, 29, 30, 36, 30, 29, 36, 30, 29, 36, 40, 30, 31, 36, 29, 31, 36, 29, 31, 36, 40, 31, 32, 36, 31, 32, 36, 31, 32, 36, 40, 32, 33, 36, 32, 33, 36, 32, 33, 36, 40, 33, 34, 36, 33, 34, 36, 33, 34, 36, 40, 34, 35, 36, 34, 35, 36, 34, 35, 36, 40, 35, 29, 36, 35, 30, 36, 35, 30, 36], 
    "vertices": [0.03847003, -0.48051071, 0.19358444, -0.37507057, 2.78699112, -2.69621277, -1.68861866, 2.55449295, -2.9711895, -2.79774618, 2.76956558, -2.1759491, -2.86684132, 3.26927567, -0.8987999, -1.83948708, 3.67976761, -0.10635948, -0.49076939, 3.69188309, -0.4045639, 0.15923119, 3.29414749, -1.55898094, -0.29170823, 8.19758987, -5.86269569, -3.34624386, 7.95686722, -6.51584244, -5.82695007, 8.22610855, -4.58735275, -5.8582325, 8.78175735, -1.49035263, -3.39470577, 9.23669815, 0.42416, -0.31258178, 9.26041031, -0.32492447, 1.05905056, 8.79365921, -3.12673187, 0.67689919, 14.92169571, -8.20093155, -4.62613916, 15.00940323, -9.38768768, -8.92990303, 14.93567276, -6.02443886, -8.98533058, 14.71707535, -0.56221771, -4.6980505, 14.57471085, 2.87192154, 0.65365005, 14.62881851, 1.58557701, 3.02494335, 14.76967239, -3.35616493, 0.75882888, 20.63922501, -8.31316948, -4.75815487, 21.03892899, -9.56956863, -9.20988274, 20.90526199, -6.05190468, -9.26524353, 20.33641434, -0.40908432, -4.85585403, 19.76480484, 3.10990334, 0.70179558, 19.61833572, 1.85515213, 3.19158745, 20.00763321, -3.22900772, -0.72831321, 24.00270462, -6.06581688, -4.11485672, 24.46738052, -6.8371048, -6.87288475, 24.43126297, -4.67530632, -6.92529488, 23.92348099, -1.20823097, -4.23296881, 23.32526016, 0.95316315, -0.82337952, 23.08562088, 0.18132019, 0.73657513, 23.38737869, -2.9422493, -3.11849689, 25.1151619, -2.74727249], 
    "materials": [], 
    "normals": [0.19728963, -0.8984642, 0.39222309, -0.15772966, -0.60782522, -0.77824789, 0.61204231, -0.41993621, -0.67011774, -0.75221968, -0.58962923, -0.29411373, -0.79465884, -0.39228684, 0.46327999, -0.19137907, -0.12363771, 0.97369802, 0.63052464, 0.00795107, 0.77612841, 0.99100715, -0.13204499, 0.02165621, -0.19393331, -0.45825639, -0.86740476, 0.56495243, -0.36822683, -0.73840213, -0.77967507, -0.48826423, -0.39205211, -0.80717307, -0.45246607, 0.37913862, -0.2005868, -0.35617456, 0.9126361, 0.62097913, -0.25843629, 0.73999709, 0.9632557, -0.2671341, -0.02789014, -0.22835021, -0.20979005, -0.95070732, 0.58864701, -0.17592777, -0.78901464, -0.86704451, -0.23855081, -0.43740985, -0.88408804, -0.24967776, 0.39503071, -0.23323229, -0.2289097, 0.94509417, 0.61256951, -0.18523738, 0.76840472, 0.98683488, -0.16039492, -0.02074504, -0.21933417, 0.21440233, -0.95180053, 0.60352135, 0.21222021, -0.76858598, -0.87895048, 0.19705927, -0.43429691, -0.89388967, 0.17022568, 0.4147101, -0.22876468, 0.15721129, 0.96070349, 0.61138064, 0.16712922, 0.7734865, 0.98141229, 0.19190796, 0.00119392, -0.13035305, 0.73454106, -0.66592616, 0.49767473, 0.70519537, -0.50499451, -0.64634019, 0.71516591, -0.26604888, -0.64428532, 0.6612367, 0.38426873, -0.13540228, 0.61534798, 0.77653909, 0.47419804, 0.61351275, 0.63145727, 0.75398427, 0.6526413, 0.07461274, 0.10283186, 0.98394668, 0.14585795], 
    "metadata": {
        "formatVersion": 3.1, 
        "generatedBy": "Maya Exporter"
    }
}