{
    "uvs": [[0.6254937648773193, 0.45005202293395996, 0.8780496120452881, 0.48703646659851074, 0.8533804416656494, 0.6300872564315796, 0.7724493741989136, 0.7058781385421753, 0.7233704328536987, 0.7009172439575195, 0.7483428716659546, 0.9585200548171997, 0.6912810802459717, 0.9430385828018188, 0.49333417415618896, 0.29782652854919434, 0.6208131313323975, 0.22588592767715454, 0.42448943853378296, 0.10363692045211792, 0.6033432483673096, 0.07005822658538818, 0.8052895069122314, 0.1580522060394287, 0.8834747076034546, 0.319621741771698, 0.2919018268585205, 0.18617695569992065, 0.2830451726913452, 0.23617148399353027, 0.08800852298736572, 0.15866202116012573, 0.10037791728973389, 0.11602699756622314, 0.632714033126831, 0.4461743235588074, 0.8497896194458008, 0.6176685094833374, 0.8732883930206299, 0.481404185295105, 0.725947380065918, 0.6851382255554199, 0.772697925567627, 0.6898638010025024, 0.6953803300857544, 0.9157729148864746, 0.7497351169586182, 0.9305199384689331, 0.6208131313323975, 0.22588592767715454, 0.5068243741989136, 0.3011706471443176, 0.4412456750869751, 0.11619365215301514, 0.611614465713501, 0.08420789241790771, 0.8039801120758057, 0.16802740097045898, 0.8784561157226562, 0.3219318389892578, 0.31494826078414917, 0.19481784105300903, 0.13251054286956787, 0.12799590826034546, 0.12072789669036865, 0.16860824823379517, 0.3065117597579956, 0.2424405813217163, 0.9002208709716797, 0.6509872674942017, 0.9501185417175293, 0.4867557883262634, 0.802890419960022, 0.7273638248443604, 0.5830146074295044, 0.4543977975845337, 0.6909828186035156, 0.7126628160476685, 0.7691819667816162, 0.9918763637542725, 0.6603773832321167, 0.9672718048095703, 0.44724446535110474, 0.31914401054382324, 0.6117502450942993, 0.008123576641082764, 0.3837447166442871, 0.053154706954956055, 0.867668867111206, 0.11422914266586304, 0.9625654220581055, 0.29360443353652954, 0.03743457794189453, 0.1691848635673523, 0.2245888113975525, 0.2526906728744507, 0.07974106073379517, 0.07630813121795654, 0.2684928774833679, 0.14133644104003906]], 
    "faces": [40, 17, 19, 18, 0, 2, 1, 0, 1, 2, 41, 17, 21, 20, 19, 0, 4, 3, 2, 0, 3, 4, 1, 41, 21, 23, 22, 20, 4, 6, 5, 3, 3, 5, 6, 4, 40, 17, 25, 24, 0, 8, 7, 0, 7, 8, 40, 25, 26, 24, 8, 9, 7, 7, 9, 8, 40, 26, 25, 27, 9, 8, 10, 9, 7, 10, 40, 27, 25, 28, 10, 8, 11, 10, 7, 11, 40, 28, 25, 29, 11, 8, 12, 11, 7, 12, 40, 29, 25, 18, 12, 8, 1, 12, 7, 2, 41, 31, 33, 32, 30, 13, 16, 15, 14, 13, 14, 15, 16, 41, 26, 31, 30, 24, 9, 13, 14, 7, 9, 13, 16, 8, 40, 25, 17, 18, 8, 0, 1, 7, 0, 2, 40, 6, 0, 1, 17, 19, 18, 17, 18, 19, 41, 6, 1, 2, 5, 17, 18, 21, 20, 17, 19, 20, 21, 41, 5, 2, 3, 4, 20, 21, 23, 22, 21, 20, 22, 23, 40, 6, 7, 16, 17, 25, 24, 17, 24, 25, 40, 16, 7, 12, 24, 25, 26, 25, 24, 26, 40, 12, 13, 16, 26, 27, 24, 26, 27, 25, 40, 13, 14, 16, 27, 28, 24, 27, 28, 25, 40, 14, 15, 16, 28, 29, 24, 28, 29, 25, 40, 15, 0, 16, 29, 19, 24, 29, 18, 25, 41, 11, 8, 9, 10, 30, 33, 32, 31, 30, 31, 32, 33, 41, 12, 7, 8, 11, 26, 25, 33, 30, 26, 24, 31, 30, 40, 16, 0, 6, 24, 19, 17, 25, 18, 17, 41, 0, 36, 35, 1, 19, 35, 34, 18, 18, 34, 35, 19, 41, 1, 35, 34, 2, 18, 34, 36, 21, 19, 35, 36, 20, 41, 5, 47, 46, 6, 20, 38, 37, 17, 21, 37, 38, 17, 41, 2, 34, 49, 3, 21, 36, 39, 23, 20, 36, 39, 22, 41, 3, 49, 48, 4, 23, 39, 40, 22, 22, 39, 40, 23, 41, 4, 48, 47, 5, 22, 40, 38, 20, 23, 40, 37, 21, 41, 6, 46, 45, 7, 17, 37, 41, 25, 17, 38, 41, 24, 41, 12, 40, 39, 13, 26, 43, 42, 27, 26, 42, 43, 27, 41, 13, 39, 38, 14, 27, 42, 44, 28, 27, 43, 44, 28, 41, 14, 38, 37, 15, 28, 44, 45, 29, 28, 44, 45, 29, 41, 15, 37, 36, 0, 29, 45, 35, 19, 29, 45, 34, 18, 41, 8, 44, 43, 9, 33, 47, 46, 32, 31, 46, 47, 32, 41, 9, 43, 42, 10, 32, 46, 48, 31, 32, 47, 48, 33, 41, 10, 42, 41, 11, 31, 48, 49, 30, 33, 48, 49, 30, 41, 7, 45, 44, 8, 25, 41, 47, 33, 24, 41, 46, 31, 41, 11, 41, 40, 12, 30, 49, 43, 26, 30, 49, 42, 26, 41, 35, 19, 20, 34, 34, 2, 3, 36, 35, 1, 4, 36, 41, 36, 18, 19, 35, 35, 1, 2, 34, 34, 2, 1, 35, 41, 37, 29, 18, 36, 45, 12, 1, 35, 45, 12, 2, 34, 41, 38, 28, 29, 37, 44, 11, 12, 45, 44, 11, 12, 45, 41, 39, 27, 28, 38, 42, 10, 11, 44, 43, 10, 11, 44, 41, 40, 26, 27, 39, 43, 9, 10, 42, 42, 9, 10, 43, 41, 41, 31, 26, 40, 49, 13, 9, 43, 49, 13, 9, 42, 41, 42, 33, 31, 41, 48, 16, 13, 49, 48, 14, 13, 49, 41, 43, 32, 33, 42, 46, 15, 16, 48, 47, 15, 14, 48, 41, 44, 30, 32, 43, 47, 14, 15, 46, 46, 16, 15, 47, 41, 45, 24, 30, 44, 41, 7, 14, 47, 41, 8, 16, 46, 41, 46, 17, 24, 45, 37, 0, 7, 41, 38, 0, 8, 41, 41, 47, 21, 17, 46, 38, 4, 0, 37, 37, 3, 0, 38, 41, 48, 23, 21, 47, 40, 6, 4, 38, 40, 5, 3, 37, 41, 49, 22, 23, 48, 39, 5, 6, 40, 39, 6, 5, 40, 41, 34, 20, 22, 49, 36, 3, 5, 39, 36, 4, 6, 39], 
    "vertices": [0.7045911, 0.39415342, 0.10000002, 0.65358311, 0.82351011, 0.10000002, 0.46665439, 1.15586996, 0.10000002, 0.52540457, 2.01116395, 0.10000002, 0.33516297, 1.95954955, 0.10000002, 0.36799935, 1.13660085, 0.10000002, 0.33429849, 0.18008956, 0.09999999, -0.15397543, -0.44445732, 0.1, -0.90306515, -0.52559811, 0.09999999, -1.65075433, -0.68934846, 0.10000002, -1.6143471, -0.82504916, 0.10000002, -0.8961935, -0.66407186, 0.10000002, -0.49134567, -0.79208708, 0.10000002, 0.08681165, -0.7772007, 0.10000002, 0.40330148, -0.53406364, 0.09999999, 0.66083729, -0.09375336, 0.10000001, 0.16791415, -0.47343555, 0.09999999, 0.31180811, 0.20507997, -0.29292029, 0.71756512, 0.41433775, -0.29292029, 0.65044141, 0.87123066, -0.29292029, 0.46970069, 1.21494937, -0.29292029, 0.3613922, 1.19678617, -0.29292029, 0.52053171, 2.10916424, -0.29292035, 0.32081532, 2.05497909, -0.29292035, -0.21998821, -0.44177917, -0.29292029, 0.15170997, -0.46162352, -0.29292029, -0.57535636, -0.82924098, -0.29292023, 0.04022454, -0.79646254, -0.29292023, 0.37418717, -0.54495609, -0.29292029, 0.6510427, -0.07971987, -0.29292029, -1.00641918, -0.52410311, -0.29292029, -0.99481195, -0.68294644, -0.29292029, -1.77305174, -0.71378791, -0.29292029, -1.73382115, -0.85759366, -0.29292023, 0.56268334, 1.29797685, -0.10203803, 0.73205882, 0.9569422, -0.10203803, 0.83802855, 0.43767831, -0.102038, 0.80682528, -0.17975321, -0.102038, 0.50999916, -0.66423613, -0.10203803, 0.03676644, -0.9440462, -0.10203803, -0.63829166, -0.93693107, -0.10203797, -1.0623908, -0.78140789, -0.10203803, -1.81341863, -0.98678505, -0.10203803, -1.95755994, -0.66695845, -0.10203803, -1.19978333, -0.47714594, -0.102038, -0.28859791, -0.3360818, -0.102038, 0.16959305, 0.21628132, -0.102038, 0.2606169, 1.2515533, -0.10203803, 0.2126527, 2.13979554, -0.10203803, 0.59346843, 2.22591138, -0.10203803], 
    "materials": [],